{
  "best_metric": NaN,
  "best_model_checkpoint": "./result/checkpoint-200",
  "epoch": 2.8746818385985926,
  "global_step": 2400,
  "is_hyper_param_search": false,
  "is_local_process_zero": true,
  "is_world_process_zero": true,
  "log_history": [
    {
      "epoch": 0.01,
      "learning_rate": 0.0,
      "loss": 152047.625,
      "step": 10
    },
    {
      "epoch": 0.02,
      "learning_rate": 0.0,
      "loss": 1347.5629,
      "step": 20
    },
    {
      "epoch": 0.04,
      "learning_rate": 0.0,
      "loss": 264086.1,
      "step": 30
    },
    {
      "epoch": 0.05,
      "learning_rate": 0.0,
      "loss": 42822.3531,
      "step": 40
    },
    {
      "epoch": 0.06,
      "learning_rate": 0.0,
      "loss": 43768.0094,
      "step": 50
    },
    {
      "epoch": 0.07,
      "learning_rate": 0.0,
      "loss": 19663.3953,
      "step": 60
    },
    {
      "epoch": 0.08,
      "learning_rate": 0.0,
      "loss": 6818.2742,
      "step": 70
    },
    {
      "epoch": 0.1,
      "learning_rate": 0.0,
      "loss": 23491.1031,
      "step": 80
    },
    {
      "epoch": 0.11,
      "learning_rate": 0.0,
      "loss": 7022.5516,
      "step": 90
    },
    {
      "epoch": 0.12,
      "learning_rate": 0.0,
      "loss": 701657.2,
      "step": 100
    },
    {
      "epoch": 0.13,
      "learning_rate": 0.0,
      "loss": 1153360.9,
      "step": 110
    },
    {
      "epoch": 0.14,
      "learning_rate": 0.0,
      "loss": 108446.3,
      "step": 120
    },
    {
      "epoch": 0.16,
      "learning_rate": 0.0,
      "loss": 126281.7375,
      "step": 130
    },
    {
      "epoch": 0.17,
      "learning_rate": 0.0,
      "loss": 18498.2812,
      "step": 140
    },
    {
      "epoch": 0.18,
      "learning_rate": 0.0,
      "loss": 37199.6062,
      "step": 150
    },
    {
      "epoch": 0.19,
      "learning_rate": 0.0,
      "loss": 34128.8844,
      "step": 160
    },
    {
      "epoch": 0.2,
      "learning_rate": 1.1999999999999999e-05,
      "loss": 623442.45,
      "step": 170
    },
    {
      "epoch": 0.22,
      "learning_rate": 4.2e-05,
      "loss": 80367.9688,
      "step": 180
    },
    {
      "epoch": 0.23,
      "learning_rate": 7.199999999999999e-05,
      "loss": 106996.475,
      "step": 190
    },
    {
      "epoch": 0.24,
      "learning_rate": 0.000102,
      "loss": 8221.868,
      "step": 200
    },
    {
      "epoch": 0.24,
      "eval_loss": NaN,
      "eval_runtime": 131.9924,
      "eval_samples_per_second": 15.152,
      "eval_steps_per_second": 1.894,
      "step": 200
    },
    {
      "epoch": 0.25,
      "learning_rate": 0.00013199999999999998,
      "loss": 350.8417,
      "step": 210
    },
    {
      "epoch": 0.26,
      "learning_rate": 0.000162,
      "loss": 4495.1332,
      "step": 220
    },
    {
      "epoch": 0.28,
      "learning_rate": 0.00019199999999999998,
      "loss": 46041.7281,
      "step": 230
    },
    {
      "epoch": 0.29,
      "learning_rate": 0.00022199999999999998,
      "loss": 18289.9828,
      "step": 240
    },
    {
      "epoch": 0.3,
      "learning_rate": 0.00025199999999999995,
      "loss": 449288.75,
      "step": 250
    },
    {
      "epoch": 0.31,
      "learning_rate": 0.00028199999999999997,
      "loss": 1648951.7,
      "step": 260
    },
    {
      "epoch": 0.32,
      "learning_rate": 0.00029950041631973353,
      "loss": 140507.875,
      "step": 270
    },
    {
      "epoch": 0.34,
      "learning_rate": 0.0002982514571190674,
      "loss": 9134.2703,
      "step": 280
    },
    {
      "epoch": 0.35,
      "learning_rate": 0.0002970024979184013,
      "loss": 221862.075,
      "step": 290
    },
    {
      "epoch": 0.36,
      "learning_rate": 0.0002957535387177352,
      "loss": 19769.3281,
      "step": 300
    },
    {
      "epoch": 0.37,
      "learning_rate": 0.00029450457951706906,
      "loss": 6175.9977,
      "step": 310
    },
    {
      "epoch": 0.38,
      "learning_rate": 0.000293255620316403,
      "loss": 2579.5381,
      "step": 320
    },
    {
      "epoch": 0.4,
      "learning_rate": 0.00029200666111573684,
      "loss": 112068.0375,
      "step": 330
    },
    {
      "epoch": 0.41,
      "learning_rate": 0.00029075770191507077,
      "loss": 57651.35,
      "step": 340
    },
    {
      "epoch": 0.42,
      "learning_rate": 0.00028950874271440463,
      "loss": 52522.9938,
      "step": 350
    },
    {
      "epoch": 0.43,
      "learning_rate": 0.0002882597835137385,
      "loss": 26793.5844,
      "step": 360
    },
    {
      "epoch": 0.44,
      "learning_rate": 0.0002870108243130724,
      "loss": 49484.1469,
      "step": 370
    },
    {
      "epoch": 0.46,
      "learning_rate": 0.0002857618651124063,
      "loss": 57067.0375,
      "step": 380
    },
    {
      "epoch": 0.47,
      "learning_rate": 0.0002845129059117402,
      "loss": 9175.5008,
      "step": 390
    },
    {
      "epoch": 0.48,
      "learning_rate": 0.0002832639467110741,
      "loss": 892756.3,
      "step": 400
    },
    {
      "epoch": 0.48,
      "eval_loss": NaN,
      "eval_runtime": 130.6932,
      "eval_samples_per_second": 15.303,
      "eval_steps_per_second": 1.913,
      "step": 400
    },
    {
      "epoch": 0.49,
      "learning_rate": 0.00028201498751040795,
      "loss": 78043.3938,
      "step": 410
    },
    {
      "epoch": 0.5,
      "learning_rate": 0.00028076602830974187,
      "loss": 37057.275,
      "step": 420
    },
    {
      "epoch": 0.52,
      "learning_rate": 0.00027951706910907574,
      "loss": 13286.5422,
      "step": 430
    },
    {
      "epoch": 0.53,
      "learning_rate": 0.00027826810990840966,
      "loss": 236309.45,
      "step": 440
    },
    {
      "epoch": 0.54,
      "learning_rate": 0.0002770191507077435,
      "loss": 334514.25,
      "step": 450
    },
    {
      "epoch": 0.55,
      "learning_rate": 0.0002757701915070774,
      "loss": 16289.35,
      "step": 460
    },
    {
      "epoch": 0.56,
      "learning_rate": 0.0002745212323064113,
      "loss": 146734.2125,
      "step": 470
    },
    {
      "epoch": 0.57,
      "learning_rate": 0.0002732722731057452,
      "loss": 6426.6492,
      "step": 480
    },
    {
      "epoch": 0.59,
      "learning_rate": 0.0002720233139050791,
      "loss": 249841.975,
      "step": 490
    },
    {
      "epoch": 0.6,
      "learning_rate": 0.00027077435470441297,
      "loss": 17498.2,
      "step": 500
    },
    {
      "epoch": 0.61,
      "learning_rate": 0.00026952539550374684,
      "loss": 101713.6438,
      "step": 510
    },
    {
      "epoch": 0.62,
      "learning_rate": 0.00026827643630308076,
      "loss": 799356.9,
      "step": 520
    },
    {
      "epoch": 0.63,
      "learning_rate": 0.0002670274771024146,
      "loss": 429917.55,
      "step": 530
    },
    {
      "epoch": 0.65,
      "learning_rate": 0.00026577851790174855,
      "loss": 82817.0375,
      "step": 540
    },
    {
      "epoch": 0.66,
      "learning_rate": 0.0002645295587010824,
      "loss": 41706.9719,
      "step": 550
    },
    {
      "epoch": 0.67,
      "learning_rate": 0.0002632805995004163,
      "loss": 8448.3852,
      "step": 560
    },
    {
      "epoch": 0.68,
      "learning_rate": 0.0002620316402997502,
      "loss": 28850.5875,
      "step": 570
    },
    {
      "epoch": 0.69,
      "learning_rate": 0.00026078268109908407,
      "loss": 117268.575,
      "step": 580
    },
    {
      "epoch": 0.71,
      "learning_rate": 0.000259533721898418,
      "loss": 5774.0785,
      "step": 590
    },
    {
      "epoch": 0.72,
      "learning_rate": 0.00025828476269775186,
      "loss": 281871.125,
      "step": 600
    },
    {
      "epoch": 0.72,
      "eval_loss": NaN,
      "eval_runtime": 134.1943,
      "eval_samples_per_second": 14.904,
      "eval_steps_per_second": 1.863,
      "step": 600
    },
    {
      "epoch": 0.73,
      "learning_rate": 0.00025703580349708573,
      "loss": 73795.625,
      "step": 610
    },
    {
      "epoch": 0.74,
      "learning_rate": 0.00025578684429641965,
      "loss": 163386.2875,
      "step": 620
    },
    {
      "epoch": 0.75,
      "learning_rate": 0.0002545378850957535,
      "loss": 52830.2688,
      "step": 630
    },
    {
      "epoch": 0.77,
      "learning_rate": 0.00025328892589508744,
      "loss": 49652.8625,
      "step": 640
    },
    {
      "epoch": 0.78,
      "learning_rate": 0.0002520399666944213,
      "loss": 14665.0766,
      "step": 650
    },
    {
      "epoch": 0.79,
      "learning_rate": 0.0002507910074937552,
      "loss": 328353.9,
      "step": 660
    },
    {
      "epoch": 0.8,
      "learning_rate": 0.0002495420482930891,
      "loss": 47541.3969,
      "step": 670
    },
    {
      "epoch": 0.81,
      "learning_rate": 0.00024829308909242296,
      "loss": 48785.6969,
      "step": 680
    },
    {
      "epoch": 0.83,
      "learning_rate": 0.0002470441298917569,
      "loss": 84409.2563,
      "step": 690
    },
    {
      "epoch": 0.84,
      "learning_rate": 0.00024579517069109075,
      "loss": 89034.3562,
      "step": 700
    },
    {
      "epoch": 0.85,
      "learning_rate": 0.0002445462114904246,
      "loss": 21334.6703,
      "step": 710
    },
    {
      "epoch": 0.86,
      "learning_rate": 0.00024329725228975851,
      "loss": 108432.7,
      "step": 720
    },
    {
      "epoch": 0.87,
      "learning_rate": 0.0002420482930890924,
      "loss": 10640.8102,
      "step": 730
    },
    {
      "epoch": 0.89,
      "learning_rate": 0.0002407993338884263,
      "loss": 78658.25,
      "step": 740
    },
    {
      "epoch": 0.9,
      "learning_rate": 0.0002395503746877602,
      "loss": 8698.9672,
      "step": 750
    },
    {
      "epoch": 0.91,
      "learning_rate": 0.0002383014154870941,
      "loss": 16885.2078,
      "step": 760
    },
    {
      "epoch": 0.92,
      "learning_rate": 0.00023705245628642796,
      "loss": 27092.4156,
      "step": 770
    },
    {
      "epoch": 0.93,
      "learning_rate": 0.00023580349708576185,
      "loss": 3523651.2,
      "step": 780
    },
    {
      "epoch": 0.95,
      "learning_rate": 0.00023455453788509572,
      "loss": 58921.8688,
      "step": 790
    },
    {
      "epoch": 0.96,
      "learning_rate": 0.00023330557868442962,
      "loss": 30180.4781,
      "step": 800
    },
    {
      "epoch": 0.96,
      "eval_loss": NaN,
      "eval_runtime": 131.1719,
      "eval_samples_per_second": 15.247,
      "eval_steps_per_second": 1.906,
      "step": 800
    },
    {
      "epoch": 0.97,
      "learning_rate": 0.00023205661948376348,
      "loss": 68833.7563,
      "step": 810
    },
    {
      "epoch": 0.98,
      "learning_rate": 0.00023080766028309738,
      "loss": 17797.3078,
      "step": 820
    },
    {
      "epoch": 0.99,
      "learning_rate": 0.00022955870108243127,
      "loss": 18820.5156,
      "step": 830
    },
    {
      "epoch": 1.01,
      "learning_rate": 0.00022830974188176517,
      "loss": 787000.9,
      "step": 840
    },
    {
      "epoch": 1.02,
      "learning_rate": 0.00022706078268109906,
      "loss": 36834.5781,
      "step": 850
    },
    {
      "epoch": 1.03,
      "learning_rate": 0.00022581182348043293,
      "loss": 1067233.0,
      "step": 860
    },
    {
      "epoch": 1.04,
      "learning_rate": 0.00022456286427976682,
      "loss": 13762.7078,
      "step": 870
    },
    {
      "epoch": 1.05,
      "learning_rate": 0.00022331390507910072,
      "loss": 373100.05,
      "step": 880
    },
    {
      "epoch": 1.07,
      "learning_rate": 0.0002220649458784346,
      "loss": 8135.9578,
      "step": 890
    },
    {
      "epoch": 1.08,
      "learning_rate": 0.0002208159866777685,
      "loss": 312460.275,
      "step": 900
    },
    {
      "epoch": 1.09,
      "learning_rate": 0.00021956702747710237,
      "loss": 4147.0625,
      "step": 910
    },
    {
      "epoch": 1.1,
      "learning_rate": 0.00021831806827643627,
      "loss": 485282.2,
      "step": 920
    },
    {
      "epoch": 1.11,
      "learning_rate": 0.00021706910907577016,
      "loss": 8075.1773,
      "step": 930
    },
    {
      "epoch": 1.13,
      "learning_rate": 0.00021582014987510406,
      "loss": 410127.7,
      "step": 940
    },
    {
      "epoch": 1.14,
      "learning_rate": 0.00021457119067443795,
      "loss": 9778.6609,
      "step": 950
    },
    {
      "epoch": 1.15,
      "learning_rate": 0.00021332223147377182,
      "loss": 5088984.8,
      "step": 960
    },
    {
      "epoch": 1.16,
      "learning_rate": 0.00021207327227310571,
      "loss": 222875.475,
      "step": 970
    },
    {
      "epoch": 1.17,
      "learning_rate": 0.0002108243130724396,
      "loss": 13651.7203,
      "step": 980
    },
    {
      "epoch": 1.19,
      "learning_rate": 0.0002095753538717735,
      "loss": 14890.8297,
      "step": 990
    },
    {
      "epoch": 1.2,
      "learning_rate": 0.0002083263946711074,
      "loss": 23232.6937,
      "step": 1000
    },
    {
      "epoch": 1.2,
      "eval_loss": NaN,
      "eval_runtime": 129.5308,
      "eval_samples_per_second": 15.44,
      "eval_steps_per_second": 1.93,
      "step": 1000
    },
    {
      "epoch": 1.21,
      "learning_rate": 0.00020707743547044126,
      "loss": 14350.6766,
      "step": 1010
    },
    {
      "epoch": 1.22,
      "learning_rate": 0.00020582847626977516,
      "loss": 231446.625,
      "step": 1020
    },
    {
      "epoch": 1.23,
      "learning_rate": 0.00020457951706910905,
      "loss": 42258.0,
      "step": 1030
    },
    {
      "epoch": 1.25,
      "learning_rate": 0.00020333055786844295,
      "loss": 56820.2625,
      "step": 1040
    },
    {
      "epoch": 1.26,
      "learning_rate": 0.00020208159866777684,
      "loss": 5193.1043,
      "step": 1050
    },
    {
      "epoch": 1.27,
      "learning_rate": 0.0002008326394671107,
      "loss": 2518274402366259.0,
      "step": 1060
    },
    {
      "epoch": 1.28,
      "learning_rate": 0.0001995836802664446,
      "loss": 0.0,
      "step": 1070
    },
    {
      "epoch": 1.29,
      "learning_rate": 0.0001983347210657785,
      "loss": 0.0,
      "step": 1080
    },
    {
      "epoch": 1.31,
      "learning_rate": 0.0001970857618651124,
      "loss": 0.0,
      "step": 1090
    },
    {
      "epoch": 1.32,
      "learning_rate": 0.0001958368026644463,
      "loss": 0.0,
      "step": 1100
    },
    {
      "epoch": 1.33,
      "learning_rate": 0.00019458784346378016,
      "loss": 0.0,
      "step": 1110
    },
    {
      "epoch": 1.34,
      "learning_rate": 0.00019333888426311405,
      "loss": 0.0,
      "step": 1120
    },
    {
      "epoch": 1.35,
      "learning_rate": 0.00019208992506244794,
      "loss": 0.0,
      "step": 1130
    },
    {
      "epoch": 1.37,
      "learning_rate": 0.00019084096586178184,
      "loss": 0.0,
      "step": 1140
    },
    {
      "epoch": 1.38,
      "learning_rate": 0.00018959200666111573,
      "loss": 0.0,
      "step": 1150
    },
    {
      "epoch": 1.39,
      "learning_rate": 0.0001883430474604496,
      "loss": 0.0,
      "step": 1160
    },
    {
      "epoch": 1.4,
      "learning_rate": 0.0001870940882597835,
      "loss": 0.0,
      "step": 1170
    },
    {
      "epoch": 1.41,
      "learning_rate": 0.0001858451290591174,
      "loss": 0.0,
      "step": 1180
    },
    {
      "epoch": 1.43,
      "learning_rate": 0.00018459616985845128,
      "loss": 0.0,
      "step": 1190
    },
    {
      "epoch": 1.44,
      "learning_rate": 0.00018334721065778518,
      "loss": 0.0,
      "step": 1200
    },
    {
      "epoch": 1.44,
      "eval_loss": NaN,
      "eval_runtime": 95.7951,
      "eval_samples_per_second": 20.878,
      "eval_steps_per_second": 2.61,
      "step": 1200
    },
    {
      "epoch": 1.45,
      "learning_rate": 0.00018209825145711905,
      "loss": 0.0,
      "step": 1210
    },
    {
      "epoch": 1.46,
      "learning_rate": 0.00018084929225645294,
      "loss": 0.0,
      "step": 1220
    },
    {
      "epoch": 1.47,
      "learning_rate": 0.00017960033305578684,
      "loss": 0.0,
      "step": 1230
    },
    {
      "epoch": 1.49,
      "learning_rate": 0.00017835137385512073,
      "loss": 0.0,
      "step": 1240
    },
    {
      "epoch": 1.5,
      "learning_rate": 0.00017710241465445462,
      "loss": 0.0,
      "step": 1250
    },
    {
      "epoch": 1.51,
      "learning_rate": 0.0001758534554537885,
      "loss": 0.0,
      "step": 1260
    },
    {
      "epoch": 1.52,
      "learning_rate": 0.0001746044962531224,
      "loss": 0.0,
      "step": 1270
    },
    {
      "epoch": 1.53,
      "learning_rate": 0.00017335553705245628,
      "loss": 0.0,
      "step": 1280
    },
    {
      "epoch": 1.55,
      "learning_rate": 0.00017210657785179018,
      "loss": 0.0,
      "step": 1290
    },
    {
      "epoch": 1.56,
      "learning_rate": 0.00017085761865112407,
      "loss": 0.0,
      "step": 1300
    },
    {
      "epoch": 1.57,
      "learning_rate": 0.00016960865945045794,
      "loss": 0.0,
      "step": 1310
    },
    {
      "epoch": 1.58,
      "learning_rate": 0.00016835970024979183,
      "loss": 0.0,
      "step": 1320
    },
    {
      "epoch": 1.59,
      "learning_rate": 0.00016711074104912573,
      "loss": 0.0,
      "step": 1330
    },
    {
      "epoch": 1.61,
      "learning_rate": 0.00016586178184845962,
      "loss": 0.0,
      "step": 1340
    },
    {
      "epoch": 1.62,
      "learning_rate": 0.00016461282264779352,
      "loss": 0.0,
      "step": 1350
    },
    {
      "epoch": 1.63,
      "learning_rate": 0.00016336386344712736,
      "loss": 0.0,
      "step": 1360
    },
    {
      "epoch": 1.64,
      "learning_rate": 0.00016211490424646125,
      "loss": 0.0,
      "step": 1370
    },
    {
      "epoch": 1.65,
      "learning_rate": 0.00016086594504579515,
      "loss": 0.0,
      "step": 1380
    },
    {
      "epoch": 1.66,
      "learning_rate": 0.00015961698584512904,
      "loss": 0.0,
      "step": 1390
    },
    {
      "epoch": 1.68,
      "learning_rate": 0.0001583680266444629,
      "loss": 0.0,
      "step": 1400
    },
    {
      "epoch": 1.68,
      "eval_loss": NaN,
      "eval_runtime": 96.5575,
      "eval_samples_per_second": 20.713,
      "eval_steps_per_second": 2.589,
      "step": 1400
    },
    {
      "epoch": 1.69,
      "learning_rate": 0.0001571190674437968,
      "loss": 0.0,
      "step": 1410
    },
    {
      "epoch": 1.7,
      "learning_rate": 0.0001558701082431307,
      "loss": 0.0,
      "step": 1420
    },
    {
      "epoch": 1.71,
      "learning_rate": 0.0001546211490424646,
      "loss": 0.0,
      "step": 1430
    },
    {
      "epoch": 1.72,
      "learning_rate": 0.00015337218984179849,
      "loss": 0.0,
      "step": 1440
    },
    {
      "epoch": 1.74,
      "learning_rate": 0.00015212323064113235,
      "loss": 0.0,
      "step": 1450
    },
    {
      "epoch": 1.75,
      "learning_rate": 0.00015087427144046625,
      "loss": 0.0,
      "step": 1460
    },
    {
      "epoch": 1.76,
      "learning_rate": 0.00014962531223980017,
      "loss": 0.0,
      "step": 1470
    },
    {
      "epoch": 1.77,
      "learning_rate": 0.00014837635303913404,
      "loss": 0.0,
      "step": 1480
    },
    {
      "epoch": 1.78,
      "learning_rate": 0.00014712739383846793,
      "loss": 0.0,
      "step": 1490
    },
    {
      "epoch": 1.8,
      "learning_rate": 0.0001458784346378018,
      "loss": 0.0,
      "step": 1500
    },
    {
      "epoch": 1.81,
      "learning_rate": 0.0001446294754371357,
      "loss": 0.0,
      "step": 1510
    },
    {
      "epoch": 1.82,
      "learning_rate": 0.0001433805162364696,
      "loss": 0.0,
      "step": 1520
    },
    {
      "epoch": 1.83,
      "learning_rate": 0.00014213155703580348,
      "loss": 0.0,
      "step": 1530
    },
    {
      "epoch": 1.84,
      "learning_rate": 0.00014088259783513738,
      "loss": 0.0,
      "step": 1540
    },
    {
      "epoch": 1.86,
      "learning_rate": 0.00013963363863447124,
      "loss": 0.0,
      "step": 1550
    },
    {
      "epoch": 1.87,
      "learning_rate": 0.00013838467943380514,
      "loss": 0.0,
      "step": 1560
    },
    {
      "epoch": 1.88,
      "learning_rate": 0.00013713572023313903,
      "loss": 0.0,
      "step": 1570
    },
    {
      "epoch": 1.89,
      "learning_rate": 0.00013588676103247293,
      "loss": 0.0,
      "step": 1580
    },
    {
      "epoch": 1.9,
      "learning_rate": 0.00013463780183180682,
      "loss": 0.0,
      "step": 1590
    },
    {
      "epoch": 1.92,
      "learning_rate": 0.0001333888426311407,
      "loss": 0.0,
      "step": 1600
    },
    {
      "epoch": 1.92,
      "eval_loss": NaN,
      "eval_runtime": 96.1477,
      "eval_samples_per_second": 20.801,
      "eval_steps_per_second": 2.6,
      "step": 1600
    },
    {
      "epoch": 1.93,
      "learning_rate": 0.00013213988343047458,
      "loss": 0.0,
      "step": 1610
    },
    {
      "epoch": 1.94,
      "learning_rate": 0.00013089092422980848,
      "loss": 0.0,
      "step": 1620
    },
    {
      "epoch": 1.95,
      "learning_rate": 0.00012964196502914237,
      "loss": 0.0,
      "step": 1630
    },
    {
      "epoch": 1.96,
      "learning_rate": 0.00012839300582847627,
      "loss": 0.0,
      "step": 1640
    },
    {
      "epoch": 1.98,
      "learning_rate": 0.00012714404662781013,
      "loss": 0.0,
      "step": 1650
    },
    {
      "epoch": 1.99,
      "learning_rate": 0.00012589508742714403,
      "loss": 0.0,
      "step": 1660
    },
    {
      "epoch": 2.0,
      "learning_rate": 0.00012464612822647792,
      "loss": 0.0,
      "step": 1670
    },
    {
      "epoch": 2.01,
      "learning_rate": 0.00012339716902581182,
      "loss": 0.0,
      "step": 1680
    },
    {
      "epoch": 2.02,
      "learning_rate": 0.0001221482098251457,
      "loss": 0.0,
      "step": 1690
    },
    {
      "epoch": 2.04,
      "learning_rate": 0.0001208992506244796,
      "loss": 0.0,
      "step": 1700
    },
    {
      "epoch": 2.05,
      "learning_rate": 0.00011965029142381349,
      "loss": 0.0,
      "step": 1710
    },
    {
      "epoch": 2.06,
      "learning_rate": 0.00011840133222314737,
      "loss": 0.0,
      "step": 1720
    },
    {
      "epoch": 2.07,
      "learning_rate": 0.00011715237302248126,
      "loss": 0.0,
      "step": 1730
    },
    {
      "epoch": 2.08,
      "learning_rate": 0.00011590341382181514,
      "loss": 0.0,
      "step": 1740
    },
    {
      "epoch": 2.1,
      "learning_rate": 0.00011465445462114904,
      "loss": 0.0,
      "step": 1750
    },
    {
      "epoch": 2.11,
      "learning_rate": 0.00011340549542048293,
      "loss": 0.0,
      "step": 1760
    },
    {
      "epoch": 2.12,
      "learning_rate": 0.00011215653621981681,
      "loss": 0.0,
      "step": 1770
    },
    {
      "epoch": 2.13,
      "learning_rate": 0.00011090757701915071,
      "loss": 0.0,
      "step": 1780
    },
    {
      "epoch": 2.14,
      "learning_rate": 0.00010965861781848458,
      "loss": 0.0,
      "step": 1790
    },
    {
      "epoch": 2.16,
      "learning_rate": 0.00010840965861781847,
      "loss": 0.0,
      "step": 1800
    },
    {
      "epoch": 2.16,
      "eval_loss": NaN,
      "eval_runtime": 95.7037,
      "eval_samples_per_second": 20.898,
      "eval_steps_per_second": 2.612,
      "step": 1800
    },
    {
      "epoch": 2.17,
      "learning_rate": 0.00010716069941715235,
      "loss": 0.0,
      "step": 1810
    },
    {
      "epoch": 2.18,
      "learning_rate": 0.00010591174021648625,
      "loss": 0.0,
      "step": 1820
    },
    {
      "epoch": 2.19,
      "learning_rate": 0.00010466278101582014,
      "loss": 0.0,
      "step": 1830
    },
    {
      "epoch": 2.2,
      "learning_rate": 0.00010341382181515402,
      "loss": 0.0,
      "step": 1840
    },
    {
      "epoch": 2.22,
      "learning_rate": 0.00010216486261448792,
      "loss": 0.0,
      "step": 1850
    },
    {
      "epoch": 2.23,
      "learning_rate": 0.0001009159034138218,
      "loss": 0.0,
      "step": 1860
    },
    {
      "epoch": 2.24,
      "learning_rate": 9.966694421315569e-05,
      "loss": 0.0,
      "step": 1870
    },
    {
      "epoch": 2.25,
      "learning_rate": 9.841798501248959e-05,
      "loss": 0.0,
      "step": 1880
    },
    {
      "epoch": 2.26,
      "learning_rate": 9.716902581182347e-05,
      "loss": 0.0,
      "step": 1890
    },
    {
      "epoch": 2.28,
      "learning_rate": 9.592006661115736e-05,
      "loss": 0.0,
      "step": 1900
    },
    {
      "epoch": 2.29,
      "learning_rate": 9.467110741049124e-05,
      "loss": 0.0,
      "step": 1910
    },
    {
      "epoch": 2.3,
      "learning_rate": 9.342214820982514e-05,
      "loss": 0.0,
      "step": 1920
    },
    {
      "epoch": 2.31,
      "learning_rate": 9.217318900915903e-05,
      "loss": 0.0,
      "step": 1930
    },
    {
      "epoch": 2.32,
      "learning_rate": 9.092422980849291e-05,
      "loss": 0.0,
      "step": 1940
    },
    {
      "epoch": 2.34,
      "learning_rate": 8.967527060782681e-05,
      "loss": 0.0,
      "step": 1950
    },
    {
      "epoch": 2.35,
      "learning_rate": 8.842631140716069e-05,
      "loss": 0.0,
      "step": 1960
    },
    {
      "epoch": 2.36,
      "learning_rate": 8.717735220649458e-05,
      "loss": 0.0,
      "step": 1970
    },
    {
      "epoch": 2.37,
      "learning_rate": 8.592839300582848e-05,
      "loss": 0.0,
      "step": 1980
    },
    {
      "epoch": 2.38,
      "learning_rate": 8.467943380516236e-05,
      "loss": 0.0,
      "step": 1990
    },
    {
      "epoch": 2.4,
      "learning_rate": 8.343047460449625e-05,
      "loss": 0.0,
      "step": 2000
    },
    {
      "epoch": 2.4,
      "eval_loss": NaN,
      "eval_runtime": 95.9401,
      "eval_samples_per_second": 20.846,
      "eval_steps_per_second": 2.606,
      "step": 2000
    },
    {
      "epoch": 2.41,
      "learning_rate": 8.218151540383013e-05,
      "loss": 0.0,
      "step": 2010
    },
    {
      "epoch": 2.42,
      "learning_rate": 8.093255620316403e-05,
      "loss": 0.0,
      "step": 2020
    },
    {
      "epoch": 2.43,
      "learning_rate": 7.968359700249792e-05,
      "loss": 0.0,
      "step": 2030
    },
    {
      "epoch": 2.44,
      "learning_rate": 7.84346378018318e-05,
      "loss": 0.0,
      "step": 2040
    },
    {
      "epoch": 2.46,
      "learning_rate": 7.71856786011657e-05,
      "loss": 0.0,
      "step": 2050
    },
    {
      "epoch": 2.47,
      "learning_rate": 7.593671940049958e-05,
      "loss": 0.0,
      "step": 2060
    },
    {
      "epoch": 2.48,
      "learning_rate": 7.468776019983346e-05,
      "loss": 0.0,
      "step": 2070
    },
    {
      "epoch": 2.49,
      "learning_rate": 7.343880099916735e-05,
      "loss": 0.0,
      "step": 2080
    },
    {
      "epoch": 2.5,
      "learning_rate": 7.218984179850125e-05,
      "loss": 0.0,
      "step": 2090
    },
    {
      "epoch": 2.52,
      "learning_rate": 7.094088259783513e-05,
      "loss": 0.0,
      "step": 2100
    },
    {
      "epoch": 2.53,
      "learning_rate": 6.969192339716902e-05,
      "loss": 0.0,
      "step": 2110
    },
    {
      "epoch": 2.54,
      "learning_rate": 6.84429641965029e-05,
      "loss": 0.0,
      "step": 2120
    },
    {
      "epoch": 2.55,
      "learning_rate": 6.71940049958368e-05,
      "loss": 0.0,
      "step": 2130
    },
    {
      "epoch": 2.56,
      "learning_rate": 6.594504579517068e-05,
      "loss": 0.0,
      "step": 2140
    },
    {
      "epoch": 2.58,
      "learning_rate": 6.469608659450458e-05,
      "loss": 0.0,
      "step": 2150
    },
    {
      "epoch": 2.59,
      "learning_rate": 6.344712739383846e-05,
      "loss": 0.0,
      "step": 2160
    },
    {
      "epoch": 2.6,
      "learning_rate": 6.219816819317235e-05,
      "loss": 0.0,
      "step": 2170
    },
    {
      "epoch": 2.61,
      "learning_rate": 6.094920899250624e-05,
      "loss": 0.0,
      "step": 2180
    },
    {
      "epoch": 2.62,
      "learning_rate": 5.970024979184013e-05,
      "loss": 0.0,
      "step": 2190
    },
    {
      "epoch": 2.64,
      "learning_rate": 5.8451290591174014e-05,
      "loss": 0.0,
      "step": 2200
    },
    {
      "epoch": 2.64,
      "eval_loss": NaN,
      "eval_runtime": 95.8647,
      "eval_samples_per_second": 20.863,
      "eval_steps_per_second": 2.608,
      "step": 2200
    },
    {
      "epoch": 2.65,
      "learning_rate": 5.72023313905079e-05,
      "loss": 0.0,
      "step": 2210
    },
    {
      "epoch": 2.66,
      "learning_rate": 5.59533721898418e-05,
      "loss": 0.0,
      "step": 2220
    },
    {
      "epoch": 2.67,
      "learning_rate": 5.4704412989175684e-05,
      "loss": 0.0,
      "step": 2230
    },
    {
      "epoch": 2.68,
      "learning_rate": 5.345545378850957e-05,
      "loss": 0.0,
      "step": 2240
    },
    {
      "epoch": 2.7,
      "learning_rate": 5.220649458784346e-05,
      "loss": 0.0,
      "step": 2250
    },
    {
      "epoch": 2.71,
      "learning_rate": 5.095753538717735e-05,
      "loss": 0.0,
      "step": 2260
    },
    {
      "epoch": 2.72,
      "learning_rate": 4.970857618651124e-05,
      "loss": 0.0,
      "step": 2270
    },
    {
      "epoch": 2.73,
      "learning_rate": 4.845961698584513e-05,
      "loss": 0.0,
      "step": 2280
    },
    {
      "epoch": 2.74,
      "learning_rate": 4.721065778517901e-05,
      "loss": 0.0,
      "step": 2290
    },
    {
      "epoch": 2.75,
      "learning_rate": 4.59616985845129e-05,
      "loss": 0.0,
      "step": 2300
    },
    {
      "epoch": 2.77,
      "learning_rate": 4.4712739383846786e-05,
      "loss": 0.0,
      "step": 2310
    },
    {
      "epoch": 2.78,
      "learning_rate": 4.3463780183180674e-05,
      "loss": 0.0,
      "step": 2320
    },
    {
      "epoch": 2.79,
      "learning_rate": 4.221482098251457e-05,
      "loss": 0.0,
      "step": 2330
    },
    {
      "epoch": 2.8,
      "learning_rate": 4.0965861781848456e-05,
      "loss": 0.0,
      "step": 2340
    },
    {
      "epoch": 2.81,
      "learning_rate": 3.9716902581182344e-05,
      "loss": 0.0,
      "step": 2350
    },
    {
      "epoch": 2.83,
      "learning_rate": 3.846794338051623e-05,
      "loss": 0.0,
      "step": 2360
    },
    {
      "epoch": 2.84,
      "learning_rate": 3.721898417985012e-05,
      "loss": 0.0,
      "step": 2370
    },
    {
      "epoch": 2.85,
      "learning_rate": 3.5970024979184014e-05,
      "loss": 0.0,
      "step": 2380
    },
    {
      "epoch": 2.86,
      "learning_rate": 3.4721065778517895e-05,
      "loss": 0.0,
      "step": 2390
    },
    {
      "epoch": 2.87,
      "learning_rate": 3.347210657785178e-05,
      "loss": 0.0,
      "step": 2400
    },
    {
      "epoch": 2.87,
      "eval_loss": NaN,
      "eval_runtime": 95.4143,
      "eval_samples_per_second": 20.961,
      "eval_steps_per_second": 2.62,
      "step": 2400
    }
  ],
  "max_steps": 2502,
  "num_train_epochs": 3,
  "total_flos": 1.5603608200092058e+18,
  "trial_name": null,
  "trial_params": null
}
