{
  "best_metric": NaN,
  "best_model_checkpoint": "./result/checkpoint-200",
  "epoch": 0.23955681988321606,
  "global_step": 200,
  "is_hyper_param_search": false,
  "is_local_process_zero": true,
  "is_world_process_zero": true,
  "log_history": [
    {
      "epoch": 0.01,
      "learning_rate": 0.0,
      "loss": 152047.625,
      "step": 10
    },
    {
      "epoch": 0.02,
      "learning_rate": 0.0,
      "loss": 1347.5629,
      "step": 20
    },
    {
      "epoch": 0.04,
      "learning_rate": 0.0,
      "loss": 264086.1,
      "step": 30
    },
    {
      "epoch": 0.05,
      "learning_rate": 0.0,
      "loss": 42822.3531,
      "step": 40
    },
    {
      "epoch": 0.06,
      "learning_rate": 0.0,
      "loss": 43768.0094,
      "step": 50
    },
    {
      "epoch": 0.07,
      "learning_rate": 0.0,
      "loss": 19663.3953,
      "step": 60
    },
    {
      "epoch": 0.08,
      "learning_rate": 0.0,
      "loss": 6818.2742,
      "step": 70
    },
    {
      "epoch": 0.1,
      "learning_rate": 0.0,
      "loss": 23491.1031,
      "step": 80
    },
    {
      "epoch": 0.11,
      "learning_rate": 0.0,
      "loss": 7022.5516,
      "step": 90
    },
    {
      "epoch": 0.12,
      "learning_rate": 0.0,
      "loss": 701657.2,
      "step": 100
    },
    {
      "epoch": 0.13,
      "learning_rate": 0.0,
      "loss": 1153360.9,
      "step": 110
    },
    {
      "epoch": 0.14,
      "learning_rate": 0.0,
      "loss": 108446.3,
      "step": 120
    },
    {
      "epoch": 0.16,
      "learning_rate": 0.0,
      "loss": 126281.7375,
      "step": 130
    },
    {
      "epoch": 0.17,
      "learning_rate": 0.0,
      "loss": 18498.2812,
      "step": 140
    },
    {
      "epoch": 0.18,
      "learning_rate": 0.0,
      "loss": 37199.6062,
      "step": 150
    },
    {
      "epoch": 0.19,
      "learning_rate": 0.0,
      "loss": 34128.8844,
      "step": 160
    },
    {
      "epoch": 0.2,
      "learning_rate": 1.1999999999999999e-05,
      "loss": 623442.45,
      "step": 170
    },
    {
      "epoch": 0.22,
      "learning_rate": 4.2e-05,
      "loss": 80367.9688,
      "step": 180
    },
    {
      "epoch": 0.23,
      "learning_rate": 7.199999999999999e-05,
      "loss": 106996.475,
      "step": 190
    },
    {
      "epoch": 0.24,
      "learning_rate": 0.000102,
      "loss": 8221.868,
      "step": 200
    },
    {
      "epoch": 0.24,
      "eval_loss": NaN,
      "eval_runtime": 131.9924,
      "eval_samples_per_second": 15.152,
      "eval_steps_per_second": 1.894,
      "step": 200
    }
  ],
  "max_steps": 2502,
  "num_train_epochs": 3,
  "total_flos": 1.3003001544179712e+17,
  "trial_name": null,
  "trial_params": null
}
